Position,Company,Location,URL
Site Safety and Health Officer (SSHO)/QCM의 전체 세부 정보,HHS Government Services,대한민국,https://kr.indeed.com/pagead/clk?mo=r&ad=-6NYlbfkN0AmKzCMRtVQgEiZ1TAHatjjxws0GcjByg2VMZElWxGHivgNxUvVGsyET6IGFNta7DTvYI5Y7sY6wSwR2VSM9N8kzNcsyKloVCI-rfjK2SyfubMNR1UlayXFHWKWna0lhP1L0pNW4B-VwydWVBuCnpQ_pSqdLbRqLEo9KzaU8O6NwbeohA9wCuiPsiPqV1WaqhiZzy7oXvsHK8nPs_U7cKkpQTPbrwnX71bZX0a98zBKPVOt3UH_Ei79bOzGehL_me2XZ5JYZYfjGo0vNgqqidK2NRnyFGrQsMCJipGPU7NlCgD32MJh1dWHDC8OqjAIZFCxf7n0bZKQjzqAiAFjCKgrv9S5hrmD2zJzAhNpdbO-HUSG8QEPEMxO96U9k2vu3fSKeMcMJptg2xBAA_bg0ds6O5bv5NgzKIL0Kp8301MlONzQyOaMJoKnPQKlMR9mcaiPLMICrMtLdJuljSeeLztUnaB9Qv64HbggGX3t3b1YjuAb1ug9Gg_2gwvBP7yEhVrUrzMUcpYJnC8VzUQwap9VOv0koJNkA69kFO4j5gcpLSo24s1716oGxGmBCJCSP5r8r0Y61Iu5IJChIKoOEMeV&xkcb=SoAD-_M3I40xKj2SEB0JbzkdCdPP&p=0&fvj=1&vjs=3
2023년 한국국제문화교류진흥원 제5차 직원의 전체 세부 정보,한국국제문화교류진흥원,서울 마포구,https://kr.indeed.com/rc/clk?jk=8bea9667708b2946&fccid=1467ff48f088ce51&vjs=3
Operator- Packaging의 전체 세부 정보,Mars,전라북도,https://kr.indeed.com/rc/clk?jk=755545ae0c819f0a&fccid=6f49e88f14c18b75&vjs=3
Packing assistant의 전체 세부 정보,Mars,대한민국,https://kr.indeed.com/rc/clk?jk=7b7486dff150d0dd&fccid=6f49e88f14c18b75&vjs=3
기술 인턴 인공지능 응용 연구/개발 인턴의 전체 세부 정보,써로마인드로보틱스,서울 관악구,https://kr.indeed.com/rc/clk?jk=71c47ac87bb4087e&fccid=230e414668234579&vjs=3
코딩 학원 전임 강사 (파이썬  c언어)의 전체 세부 정보,코딩하는아이들컴퓨터학원,서울 은평구,https://kr.indeed.com/rc/clk?jk=383402de76b44db8&fccid=1130149944b9cae6&vjs=3
Java Sales Representative의 전체 세부 정보,Oracle,서울,https://kr.indeed.com/rc/clk?jk=57ab91007abebdde&fccid=cd22d01053af7669&vjs=3
현대L&C 2023년 대졸 경력사원 (재무)의 전체 세부 정보,현대엘앤씨,서울 강동구,https://kr.indeed.com/rc/clk?jk=c50cfc5823df08c6&fccid=c27e57d77e45e8fd&vjs=3
MySQL Sales Representative의 전체 세부 정보,Oracle,서울,https://kr.indeed.com/rc/clk?jk=06876f5143e62575&fccid=cd22d01053af7669&vjs=3
Business Analysis (커머스BA팀)의 전체 세부 정보,무신사,서울 성동구,https://kr.indeed.com/rc/clk?jk=bc3396430c122fcc&fccid=a21230b40394711d&vjs=3
[NHN Cloud] 웹 프론트엔드 개발의 전체 세부 정보,엔에이치엔클라우드,성남 분당구,https://kr.indeed.com/rc/clk?jk=40b2a7e3accd0724&fccid=541d24c36c844d01&vjs=3
[신입] R&D_일반·연구직 / 생산기술_연구직 (판교  당진  순천)의 전체 세부 정보,현대제철,서울 서초구,https://kr.indeed.com/rc/clk?jk=f9d5b14a1d917fc6&fccid=4ac180429e865301&vjs=3
(주)이엠텍아이엔씨 무역담당 (신입)의 전체 세부 정보,이엠텍아이엔씨,서울 용산구,https://kr.indeed.com/rc/clk?jk=42b389bb07f86aec&fccid=acb48eee3984699f&vjs=3
Editor의 전체 세부 정보,Edelman,서울,https://kr.indeed.com/rc/clk?jk=425bfa206f00bf33&fccid=cfe599b17b8a4fa0&vjs=3
2023년(하) 한화시스템 경력사원 (SW분야)의 전체 세부 정보,한화시스템,성남 분당구,https://kr.indeed.com/rc/clk?jk=018d1405550e3618&fccid=46ba4635611e86ea&vjs=3
Verification Engineer의 전체 세부 정보,Harman International,서울,https://kr.indeed.com/rc/clk?jk=fb3a94e6327781ce&fccid=4faf342d2307e9ed&vjs=3
[선행기술원] Quantum Computing/Information[책임연구원]의 전체 세부 정보,현대자동차그룹,성남 판교역,https://kr.indeed.com/rc/clk?jk=e424415872777a5f&fccid=980d6ecc399a3373&vjs=3
2024년 상반기 신입(인턴)의 전체 세부 정보,인크로스,서울 관악구,https://kr.indeed.com/rc/clk?jk=0e12fcaff88a91e7&fccid=7f7f71f2cae9a2e3&vjs=3
군인공제회 C&C 경력사원의 전체 세부 정보,군인공제회C&C,서울 용산구,https://kr.indeed.com/rc/clk?jk=9cad0f6781b40f7f&fccid=d19fd56044f970e9&vjs=3
Account Executive  Large Enterprise의 전체 세부 정보,Gartner,대한민국,https://kr.indeed.com/rc/clk?jk=ed7fa90fb8694abd&fccid=be293f1def77a963&vjs=3
[NHN Cloud] 개인정보보호의 전체 세부 정보,엔에이치엔클라우드,성남 분당구,https://kr.indeed.com/rc/clk?jk=6517be13c2bbc193&fccid=541d24c36c844d01&vjs=3
딥러닝 AI 개발 연구원의 전체 세부 정보,베이리스,성남 수정구,https://kr.indeed.com/rc/clk?jk=87309d3ff40ead61&fccid=ce871e9e4a9f430a&vjs=3
Quantitative Researcher의 전체 세부 정보,WorldQuant,서울,https://kr.indeed.com/rc/clk?jk=5e63fa757013fa24&fccid=08487f979320ebae&vjs=3
(주)삼안 2023 각 부문별의 전체 세부 정보,삼안,과천 과천시,https://kr.indeed.com/rc/clk?jk=6eb704ab22806ccd&fccid=b64b2a2293f53ae8&vjs=3
[선행기술원] e-PBV 제어용 플랫폼 소프트웨어 개발[책임연구원]의 전체 세부 정보,현대자동차그룹,성남 판교역,https://kr.indeed.com/rc/clk?jk=b858b9bc6ec9787b&fccid=980d6ecc399a3373&vjs=3
[SDV] Data Scientist[연구원  책임연구원]의 전체 세부 정보,현대자동차그룹,서울 강남구,https://kr.indeed.com/rc/clk?jk=020aee8f471db6e8&fccid=980d6ecc399a3373&vjs=3
임베디드SW 개발자의 전체 세부 정보,티아이기술,서울 구로구,https://kr.indeed.com/rc/clk?jk=75f60b005eed8f8b&fccid=374a517cfecbadf5&vjs=3
[WaveM] ROS 개발자 [신입 / 경력]의 전체 세부 정보,웨이브엠,경기도 의왕,https://kr.indeed.com/rc/clk?jk=21487b949822a4f4&fccid=e1a72739eb204f53&vjs=3
Head of Education - WWPS  Korea의 전체 세부 정보,Amazon Web Services Korea LLC,서울,https://kr.indeed.com/rc/clk?jk=15f7e0caf4db4068&fccid=fe2d21eef233e94a&vjs=3
Enterprise Sales Executive의 전체 세부 정보,UiPath,서울,https://kr.indeed.com/rc/clk?jk=aa23f87d7d111d51&fccid=13eb996a084cac98&vjs=3
현대L&C 2023년 신입사원 (직영영업  서울)의 전체 세부 정보,현대엘앤씨,서울 강서구,https://kr.indeed.com/rc/clk?jk=d187576350951dd3&fccid=c27e57d77e45e8fd&vjs=3
[선행기술원] 차량용 SoC 반도체 IP 개발[책임연구원]의 전체 세부 정보,현대자동차그룹,성남 판교역,https://kr.indeed.com/rc/clk?jk=84052c810accf1b3&fccid=980d6ecc399a3373&vjs=3
현대L&C 2023년 대졸 경력사원 (영업)의 전체 세부 정보,현대엘앤씨,서울 강동구,https://kr.indeed.com/rc/clk?jk=a06e449750fe66d7&fccid=c27e57d77e45e8fd&vjs=3
.NET  C#  React  프론트엔드  백엔드 신입/경력 정규직의 전체 세부 정보,디포커스,서울 성동구,https://kr.indeed.com/rc/clk?jk=d32c39cd2f3c0f33&fccid=94cb52fcbb33911f&vjs=3
[대기업 계열 금융사] 선물옵션 주문시스템 개발/운영의 전체 세부 정보,인코리아 프로페셔널,서울 서초구,https://kr.indeed.com/rc/clk?jk=dd295624f364bad5&fccid=842365965c1f45a0&vjs=3
우주 발사체 임베디드 소프트웨어 엔지니어 (서울 근무)의 전체 세부 정보,스마트챌런지,서울 마포구,https://kr.indeed.com/rc/clk?jk=207ea44697206938&fccid=0108b497f3fbd527&vjs=3
Robotics Engineer [AI Perception][연구원  책임연구원]의 전체 세부 정보,현대자동차그룹,대한민국,https://kr.indeed.com/rc/clk?jk=72cc31b4ce2e0652&fccid=980d6ecc399a3373&vjs=3
[상시] PJT전문직 경력사원 (플랜트-사업관리  설계  시공)의 전체 세부 정보,자이C&A,서울 강서구,https://kr.indeed.com/rc/clk?jk=63afc174a3fb9ac9&fccid=7d5223bb40a3bfac&vjs=3
SLAM & Navigation 개발 신입/경력의 전체 세부 정보,파이엇,서울 청담역,https://kr.indeed.com/rc/clk?jk=c460e66c1d90b799&fccid=61e1fd86953f797b&vjs=3
대기업계열 모빌리티 데이터 분석 모델 개발 (신입/경력)의 전체 세부 정보,경연파트너스,서울 용산구,https://kr.indeed.com/rc/clk?jk=fc4ce8e7031b4ab0&fccid=0f76eb1d9acd6c10&vjs=3
임베디드(Embedded)  펌웨어·어셈블러 외 신입/경력의 전체 세부 정보,투투,서울 금천구,https://kr.indeed.com/rc/clk?jk=8401c9ae5537156f&fccid=9223e2b1d3210fb7&vjs=3
3D Client(Unity) 개발자의 전체 세부 정보,브랜드인게이지먼트네트워크인크,서울 중구,https://kr.indeed.com/rc/clk?jk=f306375684715e04&fccid=f23a41cb201e2ca6&vjs=3
[선행기술원] 시계열 AI 모델 및 온라인 학습 기술 개발[책임연구원]의 전체 세부 정보,현대자동차그룹,성남 판교역,https://kr.indeed.com/rc/clk?jk=6b5c27f06e497a8b&fccid=980d6ecc399a3373&vjs=3
현대L&C 2023년 대표이사 비서의 전체 세부 정보,현대엘앤씨,서울 강동구,https://kr.indeed.com/rc/clk?jk=6eb5e0776a25425e&fccid=c27e57d77e45e8fd&vjs=3
2023 엔젤로보틱스 전문연구요원의 전체 세부 정보,엔젤로보틱스,서울 성동구,https://kr.indeed.com/rc/clk?jk=9d44d8e502bf97bb&fccid=08a274897d430d1b&vjs=3
[선행기술원] 연구개발기술분석_컴퓨터 사이언스[책임연구원]의 전체 세부 정보,현대자동차그룹,성남 판교역,https://kr.indeed.com/rc/clk?jk=0bfac3b0f343f25b&fccid=980d6ecc399a3373&vjs=3
[카카오벤처스 투자 게임 스타트업]게임 클라이언트 프로그래머의 전체 세부 정보,드리모,서울 서초구,https://kr.indeed.com/rc/clk?jk=a7de280d1678190d&fccid=54963c9f1c46cef1&vjs=3
Robotics Engineer [ 서비스 로봇 제어 ][연구원  책임연구원]의 전체 세부 정보,현대자동차그룹,대한민국,https://kr.indeed.com/rc/clk?jk=3d6ff267d6d6b222&fccid=980d6ecc399a3373&vjs=3
EBS 수능강의 텍스트 작성 및 자막제작 / 타자알바의 전체 세부 정보,주식회사 기록법인상생,서울 서초구,https://kr.indeed.com/rc/clk?jk=3b9f6dbb661a8369&fccid=40a05138e6aa8071&vjs=3
수출입무역사무 (은행nego  무역보험공사부보  3국간무역 등)의 전체 세부 정보,리오인더스트리,서울 강남구,https://kr.indeed.com/rc/clk?jk=9a23f7b547df00bf&fccid=69661c8df13b9e52&vjs=3
가상자산 리서치 및 평가업무의 전체 세부 정보,블록투리얼,서울 강남구,https://kr.indeed.com/rc/clk?jk=6fd71d498febb72f&fccid=a0245242cd542697&vjs=3
Digital Transformation Project Manager (Must Speak Vietnamese and Korean)의 전체 세부 정보,The Collective C Co.  Ltd.,서울,https://kr.indeed.com/company/The-Collective-C-Limited/jobs/Digital-Project-Manager-0b72b3a3d5ebb496?fccid=a85080c18e217ba3&vjs=3
[Project Skyline] Game UX 디자이너 모집의 전체 세부 정보,엔씨소프트,성남 판교역,https://kr.indeed.com/rc/clk?jk=0816369a2258ec3d&fccid=a1e4e21b1f33cf40&vjs=3
CPP 제품 / 에이전트 개발의 전체 세부 정보,안랩,성남 분당구,https://kr.indeed.com/rc/clk?jk=9824ed83561d8f20&fccid=0b88b2af6686dd2b&vjs=3
English Language Instructor의 전체 세부 정보,CDI Holdings Inc. Recruiting C,서울,https://kr.indeed.com/rc/clk?jk=5166b01953f1fc41&fccid=1a632d193dd6e25f&vjs=3
에이블맥스(주) 프로그램 개발/(공학)SW엔지니어/기술영업의 전체 세부 정보,에이블맥스,서울 강남구,https://kr.indeed.com/rc/clk?jk=2edf6ac774d515d7&fccid=4950c2a8516c5be7&vjs=3
Education Executive for EL  Korea의 전체 세부 정보,The Estée Lauder Companies,서울 강남구,https://kr.indeed.com/rc/clk?jk=c8125d494f270c1f&fccid=5cbdaa742f7e51f3&vjs=3
소프트웨어 엔지니어(신입)의 전체 세부 정보,컨트롤웍스,서울 강남구,https://kr.indeed.com/rc/clk?jk=c5f95835b9bc0a9d&fccid=b9a4c1a753f43642&vjs=3
[전문연구요원] 의료영상 리서치 엔지니어 정규직의 전체 세부 정보,메디픽셀,서울 마포구,https://kr.indeed.com/rc/clk?jk=3544467a7b64376f&fccid=aba88c202493b8a5&vjs=3
Build Engineer의 전체 세부 정보,Sonatus,서울,https://kr.indeed.com/rc/clk?jk=8b283a6e59824f23&fccid=3cb1f6ea0be8448b&vjs=3
리눅스 어플리케이션 개발(신입/경력)의 전체 세부 정보,셀플러스코리아,안양 동안구,https://kr.indeed.com/rc/clk?jk=c49de7569e7c3749&fccid=73a7e3d7170c1164&vjs=3
응용 소프트웨어 개발자 신입/경력직의 전체 세부 정보,솔리드아이티,수원 영통구,https://kr.indeed.com/rc/clk?jk=8709cc28dbbd6b00&fccid=5aab0392dd18e5ec&vjs=3
JR0192526 SW engineer intern의 전체 세부 정보,인텔코리아,서울,https://kr.indeed.com/rc/clk?jk=83f4939522ffaa68&fccid=ded06d6a6799d929&vjs=3
Robotics Engineer [Computer Vision][연구원  책임연구원]의 전체 세부 정보,현대자동차그룹,대한민국,https://kr.indeed.com/rc/clk?jk=1e994678952daca2&fccid=980d6ecc399a3373&vjs=3
2023 Student Training in Engineering Program (STEP)  People with Disabilities (장애인 채용)의 전체 세부 정보,Google,서울,https://kr.indeed.com/rc/clk?jk=5d24a062cabc9f0d&fccid=a5b4499d9e91a5c6&vjs=3
- 증권 /금융 솔루션 개발 엔지니어 (신입 또는 경력)의 전체 세부 정보,솔리디파이,서울 영등포구,https://kr.indeed.com/rc/clk?jk=a1717e66730e3b94&fccid=6e3f2f612845d266&vjs=3
HOTEL여기어때 점포개발 팀원의 전체 세부 정보,위드이노베이션,서울 강남구,https://kr.indeed.com/rc/clk?jk=e7ea8e2fb27dcb84&fccid=395267e14282dd7d&vjs=3
ITS/C-ITS/자율협력주행 전문가의 전체 세부 정보,에스케이텔레콤,서울 중구,https://kr.indeed.com/rc/clk?jk=8491adea3a77231b&fccid=ce2f0f28b40a5be8&vjs=3
증권사 전산 개발 (대리-과장급) - 유명 금융권의 전체 세부 정보,로이스에이치알,서울,https://kr.indeed.com/rc/clk?jk=a7d330ca32d3290b&fccid=20ec436263311cc8&vjs=3
SW engineer intern의 전체 세부 정보,INTEL,서울,https://kr.indeed.com/rc/clk?jk=fae25ef1694390dc&fccid=936367796261bd6e&vjs=3
[반도체IP 개발사] RTL Design/Verification Engineer의 전체 세부 정보,칩스앤미디어,서울 강남구,https://kr.indeed.com/rc/clk?jk=1739d528ee2203c0&fccid=e3185d2aec5db0df&vjs=3
C·C++  C# 개발자 (캐드 프로그램 개발)의 전체 세부 정보,인텔리코리아,서울 금천구,https://kr.indeed.com/rc/clk?jk=ee05564db71cea30&fccid=16ab77ef5888e778&vjs=3
금융공학연구소 신입/경력 채용 공고의 전체 세부 정보,KIS채권평가,서울 여의도,https://kr.indeed.com/rc/clk?jk=85a773d287059741&fccid=c54b7952dd9d6d70&vjs=3
Former Admissions Officer Consultant - Remote의 전체 세부 정보,Crimson Education,서울 강남구,https://kr.indeed.com/rc/clk?jk=ef27c37fe45b2448&fccid=e39222385459b710&vjs=3
Linux C/C++ 서버 개발자의 전체 세부 정보,아이페이지온,서울 강남구,https://kr.indeed.com/rc/clk?jk=8f0a044c2b372134&fccid=5bec0a413260c081&vjs=3
UX/UI Designer - CANADA ONLY,Diply,Canada Only,https://weworkremotely.com//remote-jobs/diply-ux-ui-designer-canada-only
Short Form Video Editor,Luzzotica LLC,Anywhere in the World,https://weworkremotely.com//remote-jobs/luzzotica-llc-short-form-video-editor-1
Senior Independent UX/UI Designer ($110-$190/hr),A.Team,Anywhere in the World,https://weworkremotely.com//remote-jobs/a-team-senior-independent-ux-ui-designer-110-190-hr
Community Support ,Contra,Anywhere in the World,https://weworkremotely.com//remote-jobs/contra-community-support-1
Game Developer in Unreal Engine,Contra,Anywhere in the World,https://weworkremotely.com//remote-jobs/contra-game-developer-in-unreal-engine
Freelance 2D FX Animator for Video Game at Voidpet,Contra,Anywhere in the World,https://weworkremotely.com//remote-jobs/contra-freelance-2d-fx-animator-for-video-game-at-voidpet
UX Designer (Product),Planning Center,USA Only,https://weworkremotely.com//remote-jobs/planning-center-ux-designer-product
Front-End Designer (Product),Planning Center,Anywhere in the World,https://weworkremotely.com//remote-jobs/planning-center-front-end-designer-product
Graphic Designer,HelloChakra LLC,Anywhere in the World,https://weworkremotely.com//remote-jobs/hellochakra-llc-graphic-designer
3D Modeller and Rendering,Illustrate Australia,Anywhere in the World,https://weworkremotely.com//remote-jobs/illustrate-australia-3d-modeller-and-rendering
Senior Product Designer - Remote,EventMobi,Anywhere in the World,https://weworkremotely.com//remote-jobs/eventmobi-senior-product-designer-remote
JavaScript Developer - Vue,Trivial  Inc.,North America Only,https://weworkremotely.com//remote-jobs/trivial-inc-javascript-developer-vue
Senior Flutter Developer,RemoteMore,Anywhere in the World,https://weworkremotely.com//remote-jobs/remotemore-senior-flutter-developer
Full-stack Web Developer,IVPN,Anywhere in the World,https://weworkremotely.com//remote-jobs/ivpn-full-stack-web-developer
Senior Full-stack JS Developer,CobbleWeb,Europe Only/Africa Only,https://weworkremotely.com//remote-jobs/cobbleweb-senior-full-stack-js-developer-6
Senior Full-stack PHP Developer,CobbleWeb,Anywhere in the World,https://weworkremotely.com//remote-jobs/cobbleweb-senior-full-stack-php-developer-6
Senior Software Engineer,Duet  Inc.,Anywhere in the World,https://weworkremotely.com//remote-jobs/duet-inc-senior-software-engineer-10
Senior Rails Developer - Remote,G2i Inc.,Americas Only/Europe Only,https://weworkremotely.com//remote-jobs/g2i-inc-senior-rails-developer-remote
Full Stack Ruby Engineer,OpenPlay,USA Only,https://weworkremotely.com//remote-jobs/openplay-full-stack-ruby-engineer
Full-Stack Developer ,OnTheGoSystems,Anywhere in the World,https://weworkremotely.com//remote-jobs/onthegosystems-full-stack-developer
X API Engineer,Sticker Mule,Anywhere in the World,https://weworkremotely.com//remote-jobs/sticker-mule-x-api-engineer
Technical Studio Lead,Sanctuary Computer,Anywhere in the World,https://weworkremotely.com//remote-jobs/sanctuary-computer-technical-studio-lead
SAP Technical Consultant,RemoteMore,Anywhere in the World,https://weworkremotely.com//remote-jobs/remotemore-sap-technical-consultant
Senior Open Source Developer & DevOps (Python  Django  React  AWS/OpenStack),OpenCraft,Anywhere in the World,https://weworkremotely.com//remote-jobs/opencraft-senior-open-source-developer-devops-python-django-react-aws-openstack
Lead Software Engineer,Cere Network,Europe Only,https://weworkremotely.com//remote-jobs/cere-network-lead-software-engineer
Full-Stack Ruby on Rails Developer,DesignFiles,Anywhere in the World,https://weworkremotely.com//remote-jobs/designfiles-full-stack-ruby-on-rails-developer-2
Software Engineer I,Hennessey Digital,Anywhere in the World,https://weworkremotely.com//remote-jobs/hennessey-digital-software-engineer-i-1
Laravel Fullstack Developer (m/w/d),Policylead,Europe Only/UK Only,https://weworkremotely.com//remote-jobs/policylead-laravel-fullstack-developer-m-w-d-1
Senior React Engineer (+Node),Whitespectre,Anywhere in the World,https://weworkremotely.com//remote-jobs/whitespectre-senior-react-engineer-node
Senior Ruby on Rails Engineer,Booster SEO,Anywhere in the World,https://weworkremotely.com//remote-jobs/booster-seo-senior-ruby-on-rails-engineer
Senior Full Stack Engineer (React),TYB (Try Your Best),Americas Only/EMEA Only,https://weworkremotely.com//remote-jobs/tyb-try-your-best-senior-full-stack-engineer-react
Sr. Full Stack Software Engineer,LaunchGood  Inc.,Anywhere in the World,https://weworkremotely.com//remote-jobs/launchgood-inc-sr-full-stack-software-engineer
Android Developer – Cyprus Greece or Remote ,XM,Europe Only,https://weworkremotely.com//remote-jobs/xm-android-developer-cyprus-greece-or-remote-5
React/node Fullstack Developer,CloudDevs,Latin America Only,https://weworkremotely.com//remote-jobs/clouddevs-react-node-fullstack-developer-1
AI (LLM) Fullstack Engineer,CloudDevs,Latin America Only/Europe Only/UK Only/Canada Only/EMEA Only/Asia Only/Oceania Only,https://weworkremotely.com//remote-jobs/clouddevs-ai-llm-fullstack-engineer
Senior Software Developer ,DM Holdings LLC,USA Only,https://weworkremotely.com//remote-jobs/dm-holdings-llc-senior-software-developer
WordPress Plugin Developer (aThemes),aThemes,Anywhere in the World,https://weworkremotely.com//remote-jobs/athemes-wordpress-plugin-developer-athemes
full-stack developer senior,CloudDevs,Latin America Only/Canada Only,https://weworkremotely.com//remote-jobs/clouddevs-full-stack-developer-senior
Senior Frontend Engineer,Urban Legend,North America Only,https://weworkremotely.com//remote-jobs/urban-legend-senior-frontend-engineer-1
Senior or Staff Frontend Engineer - React (100% Remote),Close,USA Only,https://weworkremotely.com//remote-jobs/close-senior-or-staff-frontend-engineer-react-100-remote-5
Senior Next.js Developer: Long-term - 100% remote,Proxify AB,Latin America Only/Europe Only/EMEA Only,https://weworkremotely.com//remote-jobs/proxify-ab-senior-next-js-developer-long-term-100-remote
Senior Vue.js Developer,Proxify AB,Latin America Only/Europe Only/EMEA Only,https://weworkremotely.com//remote-jobs/proxify-ab-senior-vue-js-developer
Front End Developer,Auctria,Canada Only,https://weworkremotely.com//remote-jobs/auctria-front-end-developer-1
Frontend Developer,Localistico,Europe Only/UK Only,https://weworkremotely.com//remote-jobs/localistico-frontend-developer
Senior Frontend/Product Engineer (all genders),3yourmind GmbH,Europe Only,https://weworkremotely.com//remote-jobs/3yourmind-gmbh-senior-frontend-product-engineer-all-genders
Senior Platform Engineer (Java),Builder Prime,USA Only,https://weworkremotely.com//remote-jobs/builder-prime-senior-platform-engineer-java
Back-End Developer - Join and Grow with Us! ,OnTheGoSystems,Anywhere in the World,https://weworkremotely.com//remote-jobs/onthegosystems-back-end-developer-join-and-grow-with-us
Senior Ruby on Rails - (USD $100-140k),QuickMail,Europe Only,https://weworkremotely.com//remote-jobs/quickmail-senior-ruby-on-rails-usd-100-140k
Senior API Platform Engineer,Tactiq,Anywhere in the World,https://weworkremotely.com//remote-jobs/tactiq-senior-api-platform-engineer
Senior Laravel Developer: Long-Term Job - 100% Remote,Proxify AB,Latin America Only/Europe Only/EMEA Only,https://weworkremotely.com//remote-jobs/proxify-ab-senior-laravel-developer-long-term-job-100-remote
Senior Software Engineer,Missive,Anywhere in the World,https://weworkremotely.com//remote-jobs/missive-senior-software-engineer
Data Engineer,Tech Guys Who Get Marketing,USA Only,https://weworkremotely.com//remote-jobs/tech-guys-who-get-marketing-data-engineer
Senior Unreal Engine Developer,Proxify AB,Latin America Only/Europe Only/EMEA Only,https://weworkremotely.com//remote-jobs/proxify-ab-senior-unreal-engine-developer-1
Backend Engineer (Toggl Hire),Toggl,Europe Only,https://weworkremotely.com//remote-jobs/toggl-backend-engineer-toggl-hire
Backend Go Developer - Remote,G2i Inc.,Latin America Only,https://weworkremotely.com//remote-jobs/g2i-inc-backend-go-developer-remote
Backend C#/ASP.NET Developer,Auctria,Canada Only,https://weworkremotely.com//remote-jobs/auctria-backend-c-asp-net-developer
Senior Ruby on Rails Developer,Proxify AB,Latin America Only/Europe Only/EMEA Only,https://weworkremotely.com//remote-jobs/proxify-ab-senior-ruby-on-rails-developer
Site Reliability Engineer,Sticker Mule,Anywhere in the World,https://weworkremotely.com//remote-jobs/sticker-mule-site-reliability-engineer-1
Senior Software Engineer  Full Stack,Doximity,USA Only,https://weworkremotely.com//remote-jobs/doximity-senior-software-engineer-full-stack
Senior PHP Web Developers– Cyprus  Greece or Remote,XM,Anywhere in the World,https://weworkremotely.com//remote-jobs/xm-senior-php-web-developers-cyprus-greece-or-remote-2
Senior Backend Engineer (NodeJs/Lambda),Whitespectre,Anywhere in the World,https://weworkremotely.com//remote-jobs/whitespectre-senior-backend-engineer-nodejs-lambda
Senior Backend Developer - Rails,Big Cartel,USA Only,https://weworkremotely.com//remote-jobs/big-cartel-senior-backend-developer-rails
Laravel PHP backend developer,CloudDevs,Latin America Only/Canada Only,https://weworkremotely.com//remote-jobs/clouddevs-laravel-php-backend-developer
 Java Developer (Backend),CloudDevs,Latin America Only/Canada Only,https://weworkremotely.com//remote-jobs/clouddevs-java-developer-backend
Backend Developer,GoTu (formerly TempMee),Anywhere in the World,https://weworkremotely.com//remote-jobs/tempmee-backend-developer
Blockchain Engineer for a security service,Heim,Anywhere in the World,https://weworkremotely.com//remote-jobs/heim-blockchain-engineer-for-a-security-service
Senior Laravel Backend Developer– Cyprus  Greece or Remote,XM,Europe Only,https://weworkremotely.com//remote-jobs/xm-senior-laravel-backend-developer-cyprus-greece-or-remote
Ruby Backend Web Developer,zero44 GmbH,Europe Only,https://weworkremotely.com//remote-jobs/zero44-gmbh-ruby-backend-web-developer
Creator Support Agent - GMT / GMT + 1  Tuesday - Saturday,Podia,Anywhere in the World,https://weworkremotely.com//remote-jobs/podia-creator-support-agent-gmt-gmt-1-tuesday-saturday
Customer Service Manager- Senior Level,Calcasieu Parish Public Library,USA Only,https://weworkremotely.com//remote-jobs/calcasieu-parish-public-library-customer-service-manager-senior-level
Technical Support Representative — full time  night shift  swing shift  weekends — $40 000 / year + benefits (Locations: California  Florida  Idaho  Oregon  Pennsylvania  Texas  or Washington),Porkbun,USA Only,https://weworkremotely.com//remote-jobs/porkbun-technical-support-representative-full-time-night-shift-swing-shift-weekends-40-000
Office Administrator,The Martin House Children's Advocacy Center,USA Only,https://weworkremotely.com//remote-jobs/the-martin-house-children-s-advocacy-center-office-administrator
Executive Assistant,The Martin House Children's Advocacy Center,USA Only,https://weworkremotely.com//remote-jobs/the-martin-house-children-s-advocacy-center-executive-assistant
Help Desk Specialist,MedStream Anesthesia PLLC,USA Only,https://weworkremotely.com//remote-jobs/medstream-anesthesia-pllc-help-desk-specialist
Senior Executive Assistant,Growtha,Anywhere in the World,https://weworkremotely.com//remote-jobs/growtha-senior-executive-assistant
L1 Support Engineer ,ScrapingBee,Latin America Only/Asia Only/Oceania Only,https://weworkremotely.com//remote-jobs/scrapingbee-l1-support-engineer
REMOTE IT Helpdesk Technician  Level 2 to Level 3 Engineers,Support Adventure,Anywhere in the World,https://weworkremotely.com//remote-jobs/support-adventure-remote-it-helpdesk-technician-level-2-to-level-3-engineers
LATAM Technical Customer Support ( English & Portuguese speaking),Crisp,Latin America Only,https://weworkremotely.com//remote-jobs/crisp-latam-technical-customer-support-english-portuguese-speaking
Customer Support Engineer,Files.com,USA Only,https://weworkremotely.com//remote-jobs/files-com-customer-support-engineer-2
Customer Support Inbound Manager,LeadSimple  Inc.,Anywhere in the World,https://weworkremotely.com//remote-jobs/leadsimple-inc-customer-support-inbound-manager-1
Relations Manager (Property Management),Ziprent,Anywhere in the World,https://weworkremotely.com//remote-jobs/ziprent-relations-manager-property-management
Part-time Customer Support Specialist (Western Canada),Driversnote,Canada Only,https://weworkremotely.com//remote-jobs/driversnote-part-time-customer-support-specialist-western-canada
Hardware Support Customer Advocate,Photobooth Supply Co,Anywhere in the World,https://weworkremotely.com//remote-jobs/photobooth-supply-co-hardware-support-customer-advocate-1
Bilingual Chinese & English Customer Service Representative,The Hello Team,UK Only/Canada Only/EMEA Only/Asia Only/Other (don’t specify),https://weworkremotely.com//remote-jobs/the-hello-team-bilingual-chinese-english-customer-service-representative-1
Customer Implementation Pilot,LeadSimple  Inc.,Anywhere in the World,https://weworkremotely.com//remote-jobs/leadsimple-inc-customer-implementation-pilot-1
Freelancer als Kundenberater (m/w/d) Call & E-Mail - Deutsch C1 benötigt - 100% Home Office,hey contact heroes GmbH,Anywhere in the World,https://weworkremotely.com//remote-jobs/hey-contact-heroes-gmbh-freelancer-als-kundenberater-m-w-d-call-e-mail-deutsch-c1-benotigt
Deutschsprachige Freelancer als Kundenberater (m/w/d) Bereich Telekommunikation für die Nachtschicht gesucht - 100% Home Office,hey contact heroes GmbH,Anywhere in the World,https://weworkremotely.com//remote-jobs/hey-contact-heroes-gmbh-deutschsprachige-freelancer-als-kundenberater-m-w-d-bereich-telekommunikation-fur-die-nachtschicht-gesucht
Customer Support Rep,LeadSimple  Inc.,Americas Only/Europe Only/Africa Only,https://weworkremotely.com//remote-jobs/leadsimple-inc-customer-support-rep-2
Customer Happiness Advocate (Remote - Canada),Trifecta Retail Ventures,North America Only,https://weworkremotely.com//remote-jobs/trifecta-retail-ventures-customer-happiness-advocate-remote-canada-1
Head of Service,GOhiring GmbH,Anywhere in the World,https://weworkremotely.com//remote-jobs/gohiring-gmbh-head-of-service
Service Desk Manager- Senior level,Calcasieu Parish Public Library,USA Only,https://weworkremotely.com//remote-jobs/calcasieu-parish-public-library-service-desk-manager-senior-level
Senior Site Reliability Engineer,Contra,Anywhere in the World,https://weworkremotely.com//remote-jobs/contra-senior-site-reliability-engineer-2
Senior DevOps Engineer (Azure),Proxify AB,Latin America Only/Europe Only/EMEA Only,https://weworkremotely.com//remote-jobs/proxify-ab-senior-devops-engineer-azure
Senior DevOps Engineer (AWS),Proxify AB,Latin America Only/Europe Only/EMEA Only,https://weworkremotely.com//remote-jobs/proxify-ab-senior-devops-engineer-aws
Technical Lead,Fearless,USA Only,https://weworkremotely.com//remote-jobs/fearless-technical-lead
Platform Engineer / Technical Writer,Draft.dev,Anywhere in the World,https://weworkremotely.com//remote-jobs/draft-dev-platform-engineer-technical-writer
Lead Salesforce Solutions Architect,eNoble,USA Only,https://weworkremotely.com//remote-jobs/enoble-lead-salesforce-solutions-architect
Junior Solutions Consultant,Filestage,Anywhere in the World,https://weworkremotely.com//remote-jobs/filestage-junior-solutions-consultant
(Senior) Site Reliability Engineer,MixMode,USA Only,https://weworkremotely.com//remote-jobs/mixmode-senior-site-reliability-engineer
SRE Engineer (Linux Infrastructure Development Engineer),RapidSeedbox Ltd,Anywhere in the World,https://weworkremotely.com//remote-jobs/rapidseedbox-ltd-sre-engineer-linux-infrastructure-development-engineer-1
Link Building Specialist For A Cause That Matters,Start Your Recovery,Anywhere in the World,https://weworkremotely.com//remote-jobs/start-your-recovery-link-building-specialist-for-a-cause-that-matters-1
Account Executive,Float,Anywhere in the World,https://weworkremotely.com//remote-jobs/float-account-executive
Apprentice to Eccentric Millionaire. Become an Amazon Expert @ Fun Ecom Co | Great People & Flexible Hours,JLS Trading Co.,Anywhere in the World,https://weworkremotely.com//remote-jobs/jls-trading-co-apprentice-to-eccentric-millionaire-become-an-amazon-expert-fun-ecom-co
Account Executive,Storm Ideas,UK Only,https://weworkremotely.com//remote-jobs/storm-ideas-account-executive
Social Media Manager,PhoeniX Management,USA Only,https://weworkremotely.com//remote-jobs/phoenix-management-social-media-manager
Sponsorship Sales Executive,LTV SPOT,Anywhere in the World,https://weworkremotely.com//remote-jobs/ltv-spot-sponsorship-sales-executive
Cerative Copywriter,Entermotion,Anywhere in the World,https://weworkremotely.com//remote-jobs/entermotion-cerative-copywriter
Client Success Lead,Contra,Anywhere in the World,https://weworkremotely.com//remote-jobs/contra-client-success-lead
Inside Sales Representative,Photobooth Supply Co,Anywhere in the World,https://weworkremotely.com//remote-jobs/photobooth-supply-co-inside-sales-representative-3
Freelance Writer,ShoutVox,Anywhere in the World,https://weworkremotely.com//remote-jobs/shoutvox-freelance-writer
Digital Marketing Manager,CodeMasters Agency,Canada Only,https://weworkremotely.com//remote-jobs/codemasters-agency-digital-marketing-manager
Growth Marketing Manager (Remote),Client Accelerators,Anywhere in the World,https://weworkremotely.com//remote-jobs/client-accelerators-growth-marketing-manager-remote
Social Media Manager,BBE Marketing Inc,Anywhere in the World,https://weworkremotely.com//remote-jobs/bbe-marketing-inc-social-media-manager-1
Senior Customer Success Manager:in - remote,GOhiring GmbH,Anywhere in the World,https://weworkremotely.com//remote-jobs/gohiring-gmbh-senior-customer-success-manager-in-remote
Partnership Manager,BBE Marketing Inc,Anywhere in the World,https://weworkremotely.com//remote-jobs/bbe-marketing-inc-partnership-manager-11
Senior Digital Marketing Manager,Checkly,USA Only/North America Only/Latin America Only/Americas Only/Europe Only/UK Only/Canada Only,https://weworkremotely.com//remote-jobs/checkly-senior-digital-marketing-manager
Growth Assistant (Lead Generation & Sales Assistant),Neighborhood Hosts  Inc,Anywhere in the World,https://weworkremotely.com//remote-jobs/neighborhood-hosts-inc-growth-assistant-lead-generation-sales-assistant
Team Leader - Chatting Department,PhoeniX Management,Anywhere in the World,https://weworkremotely.com//remote-jobs/phoenix-management-team-leader-chatting-department
Social Media Manager,PhoeniX Management,Anywhere in the World,https://weworkremotely.com//remote-jobs/phoenix-management-social-media-manager-1
Social Media Marketing Manager,PhoeniX Management,Anywhere in the World,https://weworkremotely.com//remote-jobs/phoenix-management-social-media-marketing-manager
Business Development Representative,LeadSimple  Inc.,Anywhere in the World,https://weworkremotely.com//remote-jobs/leadsimple-inc-business-development-representative-1
Lead Generation Specialist ,LeadSimple,Anywhere in the World,https://weworkremotely.com//remote-jobs/leadsimple-lead-generation-specialist
Junior Content Marketer,Overthrow,USA Only/Europe Only/UK Only/Canada Only,https://weworkremotely.com//remote-jobs/overthrow-junior-content-marketer
Freelance Writer,IAPWE,Anywhere in the World,https://weworkremotely.com//remote-jobs/iapwe-freelance-writer-11
B2B SaaS Account Executive (North America-based SMBs clients),Tidio,North America Only,https://weworkremotely.com//remote-jobs/tidio-b2b-saas-account-executive-north-america-based-smbs-clients
Creative Project Specialist,Brilliant,North America Only,https://weworkremotely.com//remote-jobs/brilliant-creative-project-specialist
Sales Representative - APAC,amazee.io ,Oceania Only,https://weworkremotely.com//remote-jobs/amazee-io-sales-representative-apac
Senior Developer Relations Advocate,Checkly,USA Only/North America Only/Americas Only/Europe Only/UK Only,https://weworkremotely.com//remote-jobs/checkly-senior-developer-relations-advocate-1
Content Manager,Toggl,Europe Only,https://weworkremotely.com//remote-jobs/toggl-content-manager
Digital Communications Strategist,Madeo,North America Only,https://weworkremotely.com//remote-jobs/madeo-digital-communications-strategist
Enterprise Sales  Account Director ,Covariant AI ,USA Only/Europe Only/UK Only,https://weworkremotely.com//remote-jobs/covariant-ai-enterprise-sales-account-director
Senior Digital Marketing Specialist,Vercom S.A.,Europe Only/UK Only,https://weworkremotely.com//remote-jobs/vercom-s-a-senior-digital-marketing-specialist
eCommerce Influencer Marketing Expert,HelloChakra LLC,Anywhere in the World,https://weworkremotely.com//remote-jobs/hellochakra-llc-ecommerce-influencer-marketing-expert-1
Account Executive,Givebutter,USA Only,https://weworkremotely.com//remote-jobs/givebutter-account-executive-1
Freelance Writer - Literature Guides,LitCharts,USA Only/Canada Only,https://weworkremotely.com//remote-jobs/litcharts-freelance-writer-literature-guides-1
Account Executive,Bonfire,USA Only,https://weworkremotely.com//remote-jobs/bonfire-account-executive-1
Junior Customer Success Manager (German Speaking),Filestage,Anywhere in the World,https://weworkremotely.com//remote-jobs/filestage-junior-customer-success-manager-german-speaking
Remote Inside Sales,Report Owl LLC,Latin America Only,https://weworkremotely.com//remote-jobs/report-owl-llc-remote-inside-sales
Email Marketing Manager,Group 8A,USA Only,https://weworkremotely.com//remote-jobs/group-8a-email-marketing-manager
Digital Project Manager,silverorange,Canada Only,https://weworkremotely.com//remote-jobs/silverorange-digital-project-manager
Credentialed Tax Expert - Bilingual Spanish,Intuit,USA Only,https://weworkremotely.com//remote-jobs/intuit-credentialed-tax-expert-bilingual-spanish
Tax Associate - Work from Home,Intuit,USA Only,https://weworkremotely.com//remote-jobs/intuit-tax-associate-work-from-home-2
Tax Expert - CPA or EA - Work from Home,Intuit,USA Only,https://weworkremotely.com//remote-jobs/intuit-tax-expert-cpa-or-ea-work-from-home-2
The Help Desk Manager,Memories Kitchen and Bath,USA Only,https://weworkremotely.com//remote-jobs/memories-kitchen-and-bath-the-help-desk-manager
Human Resources Coordinator,The Martin House Children's Advocacy Center,USA Only,https://weworkremotely.com//remote-jobs/the-martin-house-children-s-advocacy-center-human-resources-coordinator
Web Project Manager,Aeolidia,North America Only,https://weworkremotely.com//remote-jobs/aeolidia-web-project-manager-1
Accountant,Pixellu,Anywhere in the World,https://weworkremotely.com//remote-jobs/pixellu-accountant
Collections Specialist - Uncapped Monthly Bonuses - Remote,Recovery Partners  LLC,Anywhere in the World,https://weworkremotely.com//remote-jobs/recovery-partners-llc-collections-specialist-uncapped-monthly-bonuses-remote
Finance Operations Analyst,Madkudu,Latin America Only,https://weworkremotely.com//remote-jobs/madkudu-finance-operations-analyst
Amazon & Walmart Account Manager,Ovalware,Anywhere in the World,https://weworkremotely.com//remote-jobs/ovalware-amazon-walmart-account-manager
Marketing Automation SaaS + Services Line of Business Owner,New Law Business Model,Anywhere in the World,https://weworkremotely.com//remote-jobs/new-law-business-model-marketing-automation-saas-services-line-of-business-owner
AI Training for People Operations Experts,Remotasks,USA Only,https://weworkremotely.com//remote-jobs/remotasks-ai-training-for-people-operations-experts
Operations Coordinator at Tech SaaS Startup,Vidalytics,Anywhere in the World,https://weworkremotely.com//remote-jobs/vidalytics-operations-coordinator-at-tech-saas-startup
Technical Project Manager,commercebuild,Anywhere in the World,https://weworkremotely.com//remote-jobs/commercebuild-technical-project-manager
Junior Accounting with International Experience (Full Time),Flag Theory,Anywhere in the World,https://weworkremotely.com//remote-jobs/flag-theory-junior-accounting-with-international-experience-full-time
Financial Controller (Full remote in Europe $80k-$85k/year),Moonrail Limited (CSGOEmpire),Europe Only/UK Only,https://weworkremotely.com//remote-jobs/moonrail-limited-csgoempire-financial-controller-full-remote-in-europe-80k-85k-year
Senior Product Manager,Duet  Inc.,Anywhere in the World,https://weworkremotely.com//remote-jobs/duet-inc-senior-product-manager
Senior Product Manager,Close,USA Only,https://weworkremotely.com//remote-jobs/close-senior-product-manager
Senior Independent Product Manager/Product Designer ($110-$190/hr),A.Team,Anywhere in the World,https://weworkremotely.com//remote-jobs/a-team-senior-independent-product-manager-product-designer-110-190-hr
Technical Product Manager - B2B Saas,Localize,USA Only,https://weworkremotely.com//remote-jobs/localize-technical-product-manager-b2b-saas-1
Professional Freelance Writer,Data Annotation,USA Only/UK Only/Canada Only/Oceania Only,https://weworkremotely.com//remote-jobs/data-annotation-professional-freelance-writer
FT/PT Remote AI Prompt Engineering & Evaluation - Will Train,DataAnnotation.tech,USA Only/UK Only/Canada Only,https://weworkremotely.com//remote-jobs/dataannotation-tech-ft-pt-remote-ai-prompt-engineering-evaluation-will-train
Language teacher (full or part time/home office),Academia Europea,Americas Only,https://weworkremotely.com//remote-jobs/academia-europea-language-teacher-full-or-part-time-home-office
Freelance Writer to Simplify Legalese,Legalcom Group,Anywhere in the World,https://weworkremotely.com//remote-jobs/legalcom-group-freelance-writer-to-simplify-legalese-3
Remote Sales Chat Representative,Used Conex LLC,USA Only,https://weworkremotely.com//remote-jobs/used-conex-llc-remote-sales-chat-representative
Freelance Framer Website Refinement and Animation support,Contra,Anywhere in the World,https://weworkremotely.com//remote-jobs/contra-freelance-framer-website-refinement-and-animation-support
Senior Symfony Developer,Proxify AB,Latin America Only/Europe Only/EMEA Only,https://weworkremotely.com//remote-jobs/proxify-ab-senior-symfony-developer
Quality Assurance Engineer (all genders),SocialHub,Anywhere in the World,https://weworkremotely.com//remote-jobs/socialhub-quality-assurance-engineer-all-genders
Staff Writer - Business Communications,Stone Press,USA Only,https://weworkremotely.com//remote-jobs/stone-press-staff-writer-business-communications
Technical Writer for Developer Documentation,OnTheGoSystems,Anywhere in the World,https://weworkremotely.com//remote-jobs/onthegosystems-technical-writer-for-developer-documentation
Freelance B2B Content Writer,Stone Press,Anywhere in the World,https://weworkremotely.com//remote-jobs/stone-press-freelance-b2b-content-writer-1
Online English Teacher,Native Camp,Anywhere in the World,https://weworkremotely.com//remote-jobs/native-camp-online-english-teacher-17
Content Writer,Fortune Writers Inc,Anywhere in the World,https://weworkremotely.com//remote-jobs/fortune-writers-inc-content-writer
Digital Marketing Account Manager,Storm Ideas,Europe Only/UK Only,https://weworkremotely.com//remote-jobs/storm-ideas-digital-marketing-account-manager
Senior QA Automation Engineer,Tactiq,Anywhere in the World,https://weworkremotely.com//remote-jobs/tactiq-senior-qa-automation-engineer
Senior Microsoft PowerBI Developer,Proxify AB,Latin America Only/Europe Only/EMEA Only,https://weworkremotely.com//remote-jobs/proxify-ab-senior-microsoft-powerbi-developer
Senior Shopify Developer,Proxify AB,Latin America Only/Europe Only/EMEA Only,https://weworkremotely.com//remote-jobs/proxify-ab-senior-shopify-developer
Senior Magento Developer,Proxify AB,Latin America Only/Europe Only/EMEA Only,https://weworkremotely.com//remote-jobs/proxify-ab-senior-magento-developer
Senior Flutter Developer,Proxify AB,Latin America Only/Europe Only/EMEA Only,https://weworkremotely.com//remote-jobs/proxify-ab-senior-flutter-developer
Freelance Editor,Stone Press,USA Only,https://weworkremotely.com//remote-jobs/stone-press-freelance-editor-1
Senior Data Engineer,Proxify AB,Anywhere in the World,https://weworkremotely.com//remote-jobs/proxify-ab-senior-data-engineer
Operations Whiz for a Flexible & Long-Term Growth Role,Cantabile,Americas Only,https://weworkremotely.com//remote-jobs/cantabile-operations-whiz-for-a-flexible-long-term-growth-role
Wanted: Ambitious Jack/Jill-of-all-trades to join world-class climbing platform,Altitude,Europe Only/UK Only,https://weworkremotely.com//remote-jobs/altitude-wanted-ambitious-jack-jill-of-all-trades-to-join-world-class-climbing-platform
Media Buyer (Assistant  Junior  Senior) - Experience Required (At least 1 of the following): Media Buying  Copywriting  Graphic Design  Web Design,Z3 Media,Europe Only/Asia Only/Africa Only/Oceania Only,https://weworkremotely.com//remote-jobs/z3-media-media-buyer-assistant-junior-senior-experience-required-at-least-1-of-the
UX/UI Designer,The Internet Community Company,Anywhere in the World,https://weworkremotely.com//remote-jobs/the-internet-community-company-ux-ui-designer
Data Privacy Experts to Write and Simplify Legalese (CIPP/E  CIPM),Legalcom Group,Anywhere in the World,https://weworkremotely.com//remote-jobs/legalcom-group-data-privacy-experts-to-write-and-simplify-legalese-cipp-e-cipm
Freelance Creatives,The Urban Writers,Anywhere in the World,https://weworkremotely.com//remote-jobs/the-urban-writers-freelance-creatives
Account Manager  Fertility Partnerships,EngagedMD,USA Only,https://weworkremotely.com//remote-jobs/engagedmd-account-manager-fertility-partnerships
UX Researcher ,EngagedMD,USA Only,https://weworkremotely.com//remote-jobs/engagedmd-ux-researcher
Remote - Senior UI/UX Designer,Alqen,Latin America Only/Europe Only/UK Only/Asia Only/Africa Only/Oceania Only,https://weworkremotely.com//remote-jobs/alqen-remote-senior-ui-ux-designer
Cloud Security Engineer,XM,Anywhere in the World,https://weworkremotely.com//remote-jobs/xm-cloud-security-engineer
QA Lead - Vicoland,Vicoland,Anywhere in the World,https://weworkremotely.com//remote-jobs/vicoland-qa-lead-vicoland
Virtual Assistant,BBE Marketing Inc,Anywhere in the World,https://weworkremotely.com//remote-jobs/bbe-marketing-inc-virtual-assistant-2
Centific | Oneforma | Project Lightspeed - En US,Centific Global Solutions  S.L.U,USA Only,https://weworkremotely.com//remote-jobs/pactera-technology-spain-s-l-u-centific-oneforma-project-lightspeed-en-us
Senior Wordpress Developer,Proxify AB,Latin America Only,https://weworkremotely.com//remote-jobs/proxify-ab-senior-wordpress-developer
iOS Developer – Cyprus  Greece or Remote,XM,Anywhere in the World,https://weworkremotely.com//remote-jobs/xm-ios-developer-cyprus-greece-or-remote-6
Expert/Tutor in Physics,Livingston Research,USA Only/Canada Only,https://weworkremotely.com//remote-jobs/livingston-research-expert-tutor-in-physics-1
